Search index,Department
All,All Departments
Appliances,Appliances
ArtsAndCrafts,"Arts, Crafts & Sewing"
Automotive,Automotive
Baby,Baby
Beauty,Beauty
Books,Books
Collectibles,Collectibles & Fine Arts
Electronics,Electronics
Fashion,"Clothing, Shoes & Jewelry"
FashionBaby,"Clothing, Shoes & Jewelry - Baby"
FashionBoys,"Clothing, Shoes & Jewelry - Boys"
FashionGirls,"Clothing, Shoes & Jewelry - Girls"
FashionMen,"Clothing, Shoes & Jewelry - Men"
FashionWomen,"Clothing, Shoes & Jewelry - Women"
GiftCards,Gift Cards
Grocery,Grocery & Gourmet Food
Handmade,Handmade
HealthPersonalCare,Health & Personal Care
HomeGarden,Home & Kitchen
Industrial,Industrial & Scientific
KindleStore,Kindle Store
LawnAndGarden,"Patio, Lawn & Garden"
Luggage,Luggage & Travel Gear
Magazines,Magazine Subscriptions
MobileApps,Apps & Games
Movies,Movies & TV
MP3Downloads,Digital Music
Music,CDs & Vinyl
MusicalInstruments,Musical Instruments
OfficeProducts,Office Products
Pantry,Prime Pantry
PCHardware,Computers
PetSupplies,Pet Supplies
Software,Software
Tools,Tools & Home Improvement
Toys,Toys & Games
UnboxVideo,Amazon Instant Video
Vehicles,Vehicles
VideoGames,Video Games
Wine,Wine
Wireless,Cell Phones & Accessories


Categories:
Antiques
Art
Baby
Books
Business & Industrial
Cameras & Photo
Cell Phones & PDAs
Clothing, Shoes & Accessories
Coins & Paper Money
Collectibles
Computers & Networking
Crafts
Dolls & Bears
DVDs & Movies
Electronics
Entertainment Memorabilia
Health & Beauty
Home & Garden
Jewelry & Watches
Music
Musical Instruments
Pet Supplies
Pottery & Glass
Real Estate
Specialty Services
Sporting Goods
Sports Mem, Cards & Fan Shop
Stamps
Tickets
Toys & Hobbies
Travel
Video
